key,is_bi,lstm_layers,lstm_hidden_dim,out_layers,special_tokens,tag_mode,loss,accuracy,f1,explained_variance,alpha
bi_1_128_1_#ow_all,True,1,128,1,#ow,all,3.4456111590067544,0.4500197470188141,0.27774389683745027,-0.21938802082176204,35.92225945618246
bi_1_128_1_#ow_first,True,1,128,1,#ow,first,1.4190229574839275,0.5652447938919067,0.48049965576947784,0.03938949090899346,20.65164000666013
bi_1_128_1_#ow_last,True,1,128,1,#ow,last,1.453890283902486,0.560621976852417,0.4744016717984855,-0.03656235208719005,21.345547843257954
bi_1_128_1_#ow_terminal,True,1,128,1,#ow,terminal,2.4976218541463218,0.432548850774765,0.33019819535355605,-0.2006324990577304,29.26376605839016
bi_1_128_1_bow_all,True,1,128,1,bow,all,3.2159266471862793,0.4546666741371155,0.2824522577339984,-0.23669011853431535,34.58867464994042
bi_1_128_1_bow_first,True,1,128,1,bow,first,1.4523573716481526,0.5553687810897827,0.4658727569195254,0.030857684708635036,21.34770088421652
bi_1_128_1_bow_last,True,1,128,1,bow,last,1.519203821818034,0.5738600492477417,0.48445253997617177,0.01991123225258762,30.682697859084115
bi_1_128_1_bow_terminal,True,1,128,1,bow,terminal,2.4345622062683105,0.5076696872711182,0.359544851816567,-0.0246177204504594,39.46079293156454
bi_1_128_1_eow_all,True,1,128,1,eow,all,3.1513946056365967,0.47955554723739624,0.31247613811553615,-0.2540089085609203,31.940730367177277
bi_1_128_1_eow_first,True,1,128,1,eow,first,1.476188103357951,0.5833157896995544,0.5029855941679857,0.10929076115294879,25.420133049872465
bi_1_128_1_eow_last,True,1,128,1,eow,last,1.5100719928741455,0.5305736064910889,0.4408303878565667,-0.08914611128697825,22.10107896318691
bi_1_128_1_eow_terminal,True,1,128,1,eow,terminal,2.378113031387329,0.5132380723953247,0.3978350652276674,-0.07580112949055073,34.96194799894039
bi_1_128_1__all,True,1,128,1,,all,3.0683182080586753,0.48742544651031494,0.2673654756055839,-0.30659717532004316,27.721882650733814
bi_1_128_1__first,True,1,128,1,,first,1.6993077993392944,0.5931918025016785,0.4901801386079136,0.04350979599211169,40.495250293832946
bi_1_128_1__last,True,1,128,1,,last,2.0853010018666587,0.5963437557220459,0.43419533198529314,0.10314744619316739,42.82168292965453
bi_1_128_1__terminal,True,1,128,1,,terminal,2.729114373524984,0.4626246988773346,0.3025342810679829,-0.2932577959718834,36.76086207708969
bi_1_16_1_#ow_all,True,1,16,1,#ow,all,3.5078808466593423,0.43591544032096863,0.25645863718823547,-0.20860569835890663,32.0428648171314
bi_1_16_1_#ow_first,True,1,16,1,#ow,first,1.5685677131017048,0.5789031386375427,0.4375528495479474,-0.03885327070859046,18.44573019238973
bi_1_16_1_#ow_last,True,1,16,1,#ow,last,1.6308389107386272,0.527211606502533,0.40651617549629065,-0.15657414083498966,19.824413528394192
bi_1_16_1_#ow_terminal,True,1,16,1,#ow,terminal,2.7304513454437256,0.36751416325569153,0.24823854172946136,-0.2721481653543456,24.279886172205995
bi_1_16_1_bow_all,True,1,16,1,bow,all,3.2342971165974936,0.46194446086883545,0.2723309886100736,-0.16417289828898185,30.741544868692916
bi_1_16_1_bow_first,True,1,16,1,bow,first,1.6829011837641399,0.5253204107284546,0.374963478364815,-0.03801474601100119,18.771388050911362
bi_1_16_1_bow_last,True,1,16,1,bow,last,1.5995471477508545,0.5814246535301208,0.4495640426880012,0.0633736842760978,26.996791986879444
bi_1_16_1_bow_terminal,True,1,16,1,bow,terminal,2.5932772159576416,0.4951670467853546,0.31095678208116834,-0.03394479065667899,33.922102368718136
bi_1_16_1_eow_all,True,1,16,1,eow,all,3.2324209213256836,0.45822224020957947,0.25651177066499004,-0.26651642175093704,28.584453456372184
bi_1_16_1_eow_first,True,1,16,1,eow,first,1.5784581104914348,0.5738600492477417,0.44669249026683194,0.01859205722381574,22.43377709915974
bi_1_16_1_eow_last,True,1,16,1,eow,last,1.6823863585789998,0.5064088702201843,0.3828210740572034,-0.18184342081044114,19.891040443197838
bi_1_16_1_eow_terminal,True,1,16,1,eow,terminal,2.5502071380615234,0.45860472321510315,0.3206487041552752,-0.15387431086039194,33.22055420757675
bi_1_16_1__all,True,1,16,1,,all,3.0736708641052246,0.4971679151058197,0.2605220214639364,-0.21968463927472007,27.150404964945093
bi_1_16_1__first,True,1,16,1,,first,1.707452615102132,0.6001260876655579,0.49654472418333384,0.055493966688709866,36.37383004253637
bi_1_16_1__last,True,1,16,1,,last,1.8792746861775715,0.5719688534736633,0.39029746812997357,0.10099374814172755,43.34539911840005
bi_1_16_1__terminal,True,1,16,1,,terminal,2.7147980531056723,0.45757222175598145,0.29075861810966347,-0.2712240359162441,34.13732384114133
bi_1_32_1_#ow_all,True,1,32,1,#ow,all,3.4716715017954507,0.4582362771034241,0.27748450606650343,-0.24480127493165482,31.814923488012813
bi_1_32_1_#ow_first,True,1,32,1,#ow,first,1.4947766462961833,0.5778524875640869,0.48449825845868166,0.032639585193160126,17.966643367040888
bi_1_32_1_#ow_last,True,1,32,1,#ow,last,1.5124906301498413,0.570497989654541,0.45833797259030723,-0.028719493147515426,19.546269816301034
bi_1_32_1_#ow_terminal,True,1,32,1,#ow,terminal,2.585275093714396,0.42141205072402954,0.30043096081016407,-0.20121802061380611,25.82251652828506
bi_1_32_1_bow_all,True,1,32,1,bow,all,3.1869417826334634,0.48088890314102173,0.2887068609818195,-0.26204167042489357,29.963157842626483
bi_1_32_1_bow_first,True,1,32,1,bow,first,1.5420116583506267,0.5639840364456177,0.46419381483895955,0.029119908624805287,18.78646868665587
bi_1_32_1_bow_last,True,1,32,1,bow,last,1.5498118003209431,0.5868879556655884,0.4737520428716237,0.0695498646867958,25.66460758651743
bi_1_32_1_bow_terminal,True,1,32,1,bow,terminal,2.5230443477630615,0.5063038468360901,0.32964287660125957,-0.03284202373840217,35.31537581136811
bi_1_32_1_eow_all,True,1,32,1,eow,all,3.17313281695048,0.47527778148651123,0.2843532702907831,-0.22969583156125384,31.05643370227947
bi_1_32_1_eow_first,True,1,32,1,eow,first,1.481905738512675,0.592771589756012,0.4769493096313491,0.1349411243615395,23.783574518378828
bi_1_32_1_eow_last,True,1,32,1,eow,last,1.5761700073877971,0.5620928406715393,0.4380249507811294,-0.025819783696668486,20.101441195748052
bi_1_32_1_eow_terminal,True,1,32,1,eow,terminal,2.4552913506825766,0.5039924383163452,0.36523850755923787,-0.1273550392093985,33.09947521005091
bi_1_32_1__all,True,1,32,1,,all,3.0258100827534995,0.48795410990715027,0.2638633336127587,-0.23323058763673954,27.001093254436213
bi_1_32_1__first,True,1,32,1,,first,1.6912261644999187,0.5971842408180237,0.4903409126609631,0.08183657302901393,36.796310935715006
bi_1_32_1__last,True,1,32,1,,last,1.767067273457845,0.5921412110328674,0.4191079635082506,0.16152130895498829,42.81056066244351
bi_1_32_1__terminal,True,1,32,1,,terminal,2.619753440221151,0.4760979413986206,0.31353019460049386,-0.25409993869307645,35.72724843313811
bi_1_64_1_#ow_all,True,1,64,1,#ow,all,3.434654156366984,0.4421108067035675,0.2734722353073994,-0.24020202640584573,34.320844023987014
bi_1_64_1_#ow_first,True,1,64,1,#ow,first,1.4264287153879802,0.5786929726600647,0.4863412980506079,0.030107396095249706,19.17984188133618
bi_1_64_1_#ow_last,True,1,64,1,#ow,last,1.427171270052592,0.5772221088409424,0.47513099485791765,-0.007345371052572824,20.386975937633526
bi_1_64_1_#ow_terminal,True,1,64,1,#ow,terminal,2.526921113332113,0.43664634227752686,0.31564763744614355,-0.2261682030463081,27.82533262141888
bi_1_64_1_bow_all,True,1,64,1,bow,all,3.1688825289408364,0.46511110663414,0.29752165561737987,-0.23147957802298524,32.6365733236701
bi_1_64_1_bow_first,True,1,64,1,bow,first,1.4793997208277385,0.5658751726150513,0.4628276089020549,0.042502933886891525,19.860013852636563
bi_1_64_1_bow_last,True,1,64,1,bow,last,1.506315549214681,0.5923513174057007,0.48593935688195944,0.0918311736928229,28.80191101373974
bi_1_64_1_bow_terminal,True,1,64,1,bow,terminal,2.443236748377482,0.5150241255760193,0.370959250578054,-0.002913374068547192,37.343714700969706
bi_1_64_1_eow_all,True,1,64,1,eow,all,3.1623145739237466,0.4868888854980469,0.3116395094451614,-0.21183026373432923,32.607539389596816
bi_1_64_1_eow_first,True,1,64,1,eow,first,1.4699670473734539,0.5891993641853333,0.50420568358557,0.13343645643953683,25.069917281444635
bi_1_64_1_eow_last,True,1,64,1,eow,last,1.485598087310791,0.5543181300163269,0.45559113823267866,-0.06141694366219519,21.758281236883327
bi_1_64_1_eow_terminal,True,1,64,1,eow,terminal,2.3846959273020425,0.5200672149658203,0.3952882545797278,-0.08023958892523053,35.74304554262499
bi_1_64_1__all,True,1,64,1,,all,3.0314317544301352,0.4974699914455414,0.2798723566435028,-0.27648069219319993,28.96029028460584
bi_1_64_1__first,True,1,64,1,,first,1.6093448797861736,0.608741283416748,0.4996261630663501,0.12693194792747597,39.10018649948141
bi_1_64_1__last,True,1,64,1,,last,1.7871192693710327,0.5917209386825562,0.4198830752401634,0.13459028259968187,47.580213673260545
bi_1_64_1__terminal,True,1,64,1,,terminal,2.624827226003011,0.47661614418029785,0.32835981066389,-0.24533539126008083,37.004090151910276
bi_2_128_1_#ow_all,True,2,128,1,#ow,all,3.3334696292877197,0.40832197666168213,0.28964930365950564,-0.4129764946667478,35.2109562525091
bi_2_128_1_#ow_first,True,2,128,1,#ow,first,1.4255599975585938,0.5322546362876892,0.44534022965589076,-0.070943346240671,22.769765677710232
bi_2_128_1_#ow_last,True,2,128,1,#ow,last,1.34446914990743,0.5675562024116516,0.48428498002886483,0.005786725029286788,24.893790920789595
bi_2_128_1_#ow_terminal,True,2,128,1,#ow,terminal,2.3155009746551514,0.46900609135627747,0.3736709900323465,-0.1887884378521294,32.99205150325523
bi_2_128_1_bow_all,True,2,128,1,bow,all,3.1011997858683267,0.4429444372653961,0.2957189217845594,-0.3611833345917579,34.29730237206277
bi_2_128_1_bow_first,True,2,128,1,bow,first,1.4407546917597454,0.5337255597114563,0.45211780892052056,-0.05532993192943226,24.82224334908731
bi_2_128_1_bow_last,True,2,128,1,bow,last,1.4783774216969807,0.5351964235305786,0.4280673966786046,-0.007334143895762146,35.90951670673387
bi_2_128_1_bow_terminal,True,2,128,1,bow,terminal,2.3336092631022134,0.4603908360004425,0.33749330628641644,-0.20340477169467497,39.48433289167554
bi_2_128_1_eow_all,True,2,128,1,eow,all,3.0770795345306396,0.45438888669013977,0.2905388801567761,-0.37308020800889663,33.829355982466055
bi_2_128_1_eow_first,True,2,128,1,eow,first,1.4220497210820515,0.5347762107849121,0.45760323487690696,-0.01946095268408987,32.165025629499276
bi_2_128_1_eow_last,True,2,128,1,eow,last,1.493884762128194,0.5259507894515991,0.4493346750134752,-0.08575424033095591,25.92179253316551
bi_2_128_1_eow_terminal,True,2,128,1,eow,terminal,2.366971572240194,0.4603908360004425,0.36598816134826007,-0.2561874181651653,36.78093990184167
bi_2_128_1__all,True,2,128,1,,all,3.0476993719736734,0.43463486433029175,0.22091985708122755,-0.497357867694862,30.44623173866354
bi_2_128_1__first,True,2,128,1,,first,1.5566856861114502,0.538348376750946,0.4170619027993359,-0.09224092570508557,43.10298775685699
bi_2_128_1__last,True,2,128,1,,last,1.7325251897176106,0.48455557227134705,0.3644810850192846,-0.1645690591826141,53.22623602254466
bi_2_128_1__terminal,True,2,128,1,,terminal,2.5707293351491294,0.40212464332580566,0.28945828869415907,-0.42331678399872974,41.6279250442793
bi_2_16_1_#ow_all,True,2,16,1,#ow,all,3.3820315996805825,0.425414115190506,0.25113725112712687,-0.32694821508179706,35.15552741989683
bi_2_16_1_#ow_first,True,2,16,1,#ow,first,1.5626548528671265,0.552006721496582,0.4333447274736209,-0.03533131140512413,20.187327927364997
bi_2_16_1_#ow_last,True,2,16,1,#ow,last,1.5995348294576008,0.5204874873161316,0.4075937220475737,-0.12206697098867503,21.69986704977219
bi_2_16_1_#ow_terminal,True,2,16,1,#ow,terminal,2.4652117093404136,0.4760453701019287,0.33478489417613283,-0.16927439515033282,30.10233253175426
bi_2_16_1_bow_all,True,2,16,1,bow,all,3.177743434906006,0.4698888957500458,0.26439319283275975,-0.26545045280571666,33.858239359614046
bi_2_16_1_bow_first,True,2,16,1,bow,first,1.5216635862986247,0.5616726279258728,0.42771211259007474,-0.0664678013684381,22.477267514228014
bi_2_16_1_bow_last,True,2,16,1,bow,last,1.5925040245056152,0.5602017045021057,0.42930750939783835,-0.027837526538279315,34.6623773934067
bi_2_16_1_bow_terminal,True,2,16,1,bow,terminal,2.5063343048095703,0.4672199785709381,0.29465966932151993,-0.07634690347787587,36.08034159016279
bi_2_16_1_eow_all,True,2,16,1,eow,all,3.183637539545695,0.47011110186576843,0.27651828465852646,-0.20721067991267939,35.26312776191847
bi_2_16_1_eow_first,True,2,16,1,eow,first,1.538564642270406,0.575330913066864,0.4503797929558131,-0.04974793030003011,28.139835038182973
bi_2_16_1_eow_last,True,2,16,1,eow,last,1.658966859181722,0.4965328574180603,0.3845859282022561,-0.18279155282540893,22.96569794407355
bi_2_16_1_eow_terminal,True,2,16,1,eow,terminal,2.5171376864115396,0.4387476146221161,0.3066145852961092,-0.30020328323141676,32.38817089773697
bi_2_16_1__all,True,2,16,1,,all,3.059850295384725,0.47715431451797485,0.21874897493333378,-0.15071754652419322,33.506968514875716
bi_2_16_1__first,True,2,16,1,,first,1.5883237918217976,0.565665066242218,0.42404377242046065,-0.026004384267260598,41.01330204159779
bi_2_16_1__last,True,2,16,1,,last,1.8800695339838664,0.5024164319038391,0.3363034222760454,-0.18502620213228993,48.56742693077155
bi_2_16_1__terminal,True,2,16,1,,terminal,2.607740879058838,0.4383987784385681,0.2726897300058318,-0.3360272827259072,40.203911570358805
bi_2_32_1_#ow_all,True,2,32,1,#ow,all,3.303635517756144,0.4666285812854767,0.31398168915952596,-0.27733894960872907,38.308759749602885
bi_2_32_1_#ow_first,True,2,32,1,#ow,first,1.4552433888117473,0.5725992918014526,0.47089125420225764,0.0026728920576465365,20.682795293536774
bi_2_32_1_#ow_last,True,2,32,1,#ow,last,1.5744733810424805,0.5009455680847168,0.41995667435146444,-0.17162582850726316,23.024162562373235
bi_2_32_1_#ow_terminal,True,2,32,1,#ow,terminal,2.4470085302988687,0.46448832750320435,0.34328955885157286,-0.2202843897107256,29.006465578299334
bi_2_32_1_bow_all,True,2,32,1,bow,all,3.1049885749816895,0.4855555593967438,0.2929288939478623,-0.3006867738246164,36.751599783782886
bi_2_32_1_bow_first,True,2,32,1,bow,first,1.6419517993927002,0.5026265978813171,0.4059859844116583,-0.15284690493399355,21.07566978304897
bi_2_32_1_bow_last,True,2,32,1,bow,last,1.5014581282933552,0.5478041172027588,0.459340888351318,-0.06653248098279274,32.31685071317162
bi_2_32_1_bow_terminal,True,2,32,1,bow,terminal,2.5173544883728027,0.46102121472358704,0.32540715554053784,-0.2547189836291692,34.133345962702776
bi_2_32_1_eow_all,True,2,32,1,eow,all,3.096773942311605,0.47083333134651184,0.2876225522496843,-0.3170015605757228,37.46461585517368
bi_2_32_1_eow_first,True,2,32,1,eow,first,1.4908583164215088,0.5351964235305786,0.44446618692288026,-0.03756818198071099,29.76310438696065
bi_2_32_1_eow_last,True,2,32,1,eow,last,1.5824493169784546,0.5122925043106079,0.4225151580055267,-0.1726495027340278,23.213282659913368
bi_2_32_1_eow_terminal,True,2,32,1,eow,terminal,2.3739688396453857,0.4945366382598877,0.38110378764356484,-0.20748316543261966,33.34390614738696
bi_2_32_1__all,True,2,32,1,,all,3.0437303384145102,0.4574428200721741,0.22196988024663775,-0.29355498172731087,33.569734037216634
bi_2_32_1__first,True,2,32,1,,first,1.5356340408325195,0.5625131130218506,0.46133726785036744,-0.03764501498701467,39.6431478540252
bi_2_32_1__last,True,2,32,1,,last,1.6913207372029622,0.533305287361145,0.38559348714490577,-0.07484915900456479,50.76233707668849
bi_2_32_1__terminal,True,2,32,1,,terminal,2.448925256729126,0.43749192357063293,0.28693321766742563,-0.3061265121473957,42.32048865476771
bi_2_64_1_#ow_all,True,2,64,1,#ow,all,3.2998387018839517,0.4252822995185852,0.29764522231367524,-0.4031023248105132,36.06748333538617
bi_2_64_1_#ow_first,True,2,64,1,#ow,first,1.4057822624842327,0.5549485087394714,0.46814257820387367,0.017870013483313074,22.375957500383457
bi_2_64_1_#ow_last,True,2,64,1,#ow,last,1.3597053289413452,0.5744904279708862,0.49115747722838066,-0.00796107155375858,22.99031188679674
bi_2_64_1_#ow_terminal,True,2,64,1,#ow,terminal,2.282515366872152,0.48255935311317444,0.37465130951353826,-0.1652587154264875,31.87483958920553
bi_2_64_1_bow_all,True,2,64,1,bow,all,3.1261231104532876,0.445333331823349,0.2947135157401022,-0.37605510918746177,35.02004474642677
bi_2_64_1_bow_first,True,2,64,1,bow,first,1.4445336659749348,0.546963632106781,0.46576829263862884,-0.031791041471548764,24.025843888282566
bi_2_64_1_bow_last,True,2,64,1,bow,last,1.4701919158299763,0.555578887462616,0.46866951339513174,-0.05676658409495893,34.845809560480966
bi_2_64_1_bow_terminal,True,2,64,1,bow,terminal,2.3345667521158853,0.48592138290405273,0.3589369958292545,-0.16679926303772707,36.894925253545644
bi_2_64_1_eow_all,True,2,64,1,eow,all,3.0793676376342773,0.4382222294807434,0.28707958249446375,-0.39127984476323663,35.58702741018201
bi_2_64_1_eow_first,True,2,64,1,eow,first,1.3930479288101196,0.5583105683326721,0.4783414556230936,-0.03555470575542308,31.523601220825913
bi_2_64_1_eow_last,True,2,64,1,eow,last,1.4845376014709473,0.5448623299598694,0.4622794314534222,-0.06398988286711726,24.375294627225376
bi_2_64_1_eow_terminal,True,2,64,1,eow,terminal,2.3285370667775473,0.4897037148475647,0.3982199663528057,-0.20862518235969607,35.281547000999325
bi_2_64_1__all,True,2,64,1,,all,3.026453892389933,0.4323691725730896,0.22062872531995162,-0.4147126266851211,32.270235983519534
bi_2_64_1__first,True,2,64,1,,first,1.5379658142725627,0.5364572405815125,0.4234999591083853,-0.0922648149413352,41.291676738351185
bi_2_64_1__last,True,2,64,1,,last,1.7858084837595622,0.4961126148700714,0.3724753629119469,-0.1659695457871324,52.19784940525077
bi_2_64_1__terminal,True,2,64,1,,terminal,2.5349769592285156,0.4126182198524475,0.2920645640814627,-0.4422787315115442,40.81486098806553
mono_1_128_1_#ow_all,False,1,128,1,#ow,all,3.5789388020833335,0.4442637860774994,0.2706533081885846,-0.31652423301670796,31.58132176894408
mono_1_128_1_#ow_first,False,1,128,1,#ow,first,2.5533615748087564,0.2132800966501236,0.1202689869783426,-0.7633592218668508,9.539463966633356
mono_1_128_1_#ow_last,False,1,128,1,#ow,last,1.4210020701090496,0.5952931046485901,0.5230019461077373,-0.018354309408173952,18.870114761743984
mono_1_128_1_#ow_terminal,False,1,128,1,#ow,terminal,2.8695690631866455,0.33830636739730835,0.25805973133645527,-0.6395196024123162,22.231877535992655
mono_1_128_1_bow_all,False,1,128,1,bow,all,3.4311979611714682,0.4255000054836273,0.22408580180166382,-0.3913791657531398,28.729939870167435
mono_1_128_1_bow_first,False,1,128,1,bow,first,2.592583497365316,0.21559150516986847,0.12322553207422803,-0.7976934994329681,10.356673821428668
mono_1_128_1_bow_last,False,1,128,1,bow,last,1.7935868501663208,0.5938222408294678,0.45865695535485934,0.014787816634488691,32.535436345105325
mono_1_128_1_bow_terminal,False,1,128,1,bow,terminal,3.2096831798553467,0.3445051312446594,0.22575462573779356,-0.5962214159120445,38.74358336013393
mono_1_128_1_eow_all,False,1,128,1,eow,all,3.130936861038208,0.5173888802528381,0.31745228149201504,-0.1851546213789368,31.56357668848834
mono_1_128_1_eow_first,False,1,128,1,eow,first,1.6235825618108113,0.56545490026474,0.46125512087633636,0.00021829475821155686,24.246689021684183
mono_1_128_1_eow_last,False,1,128,1,eow,last,1.41857906182607,0.5934019684791565,0.4972354003890681,-0.010096346639935527,20.241664162500516
mono_1_128_1_eow_terminal,False,1,128,1,eow,terminal,2.378601868947347,0.5299432277679443,0.4125284906580626,-0.09240970953897731,33.07758789368167
mono_1_128_1__all,False,1,128,1,,all,3.0433197816212973,0.5036628842353821,0.27778519534391305,-0.25584011426867037,27.500902360677024
mono_1_128_1__first,False,1,128,1,,first,1.7002668778101604,0.5797436237335205,0.4615933930773647,-0.030001862516853883,35.70443623348609
mono_1_128_1__last,False,1,128,1,,last,2.019977331161499,0.5852069854736328,0.44042540840456235,0.04976373776378207,43.02185013830572
mono_1_128_1__terminal,False,1,128,1,,terminal,2.62628173828125,0.4829641282558441,0.32096873244501195,-0.2529167202439353,37.38550344699818
mono_1_16_1_#ow_all,False,1,16,1,#ow,all,3.6665294965108237,0.3968539834022522,0.20614414091646205,-0.33099972126997423,28.24092970180469
mono_1_16_1_#ow_first,False,1,16,1,#ow,first,2.6336209774017334,0.21559150516986847,0.09423743949445323,-0.7813169267148473,9.95418342152533
mono_1_16_1_#ow_last,False,1,16,1,#ow,last,1.5742249488830566,0.5894095301628113,0.4501294097609588,0.018447867635242088,19.459160759426986
mono_1_16_1_#ow_terminal,False,1,16,1,#ow,terminal,3.045766830444336,0.28934648633003235,0.1677265756060657,-0.5743244446793263,19.341435181711084
mono_1_16_1_bow_all,False,1,16,1,bow,all,3.491182724634806,0.4101666808128357,0.18830917317949372,-0.3747788298094239,25.824501213306313
mono_1_16_1_bow_first,False,1,16,1,bow,first,2.637808163960775,0.21517124772071838,0.09165906414025199,-0.8128257314106908,10.594561172824262
mono_1_16_1_bow_last,False,1,16,1,bow,last,1.9835276206334431,0.5875183939933777,0.41437954324090237,-0.001992675146009537,29.792287401782513
mono_1_16_1_bow_terminal,False,1,16,1,bow,terminal,3.370283842086792,0.31046438217163086,0.17705372691087992,-0.5769207368791021,33.410505344647795
mono_1_16_1_eow_all,False,1,16,1,eow,all,3.2298898696899414,0.464722216129303,0.25745994696564756,-0.2975921988981869,28.468789363147433
mono_1_16_1_eow_first,False,1,16,1,eow,first,1.750929832458496,0.5309938788414001,0.38248562376334583,-0.11661393859423907,23.78957610616498
mono_1_16_1_eow_last,False,1,16,1,eow,last,1.658247669537862,0.5427610874176025,0.38157672347999516,-0.0034266376264326937,19.745557308856206
mono_1_16_1_eow_terminal,False,1,16,1,eow,terminal,2.6435676415761313,0.4328640401363373,0.2649872326994212,-0.1534336144873112,29.673088133493547
mono_1_16_1__all,False,1,16,1,,all,3.1131815910339355,0.5064572095870972,0.2450378239357908,-0.2701714751604738,25.988821427259168
mono_1_16_1__first,False,1,16,1,,first,1.824122150739034,0.5473839044570923,0.3670365160149607,-0.054804275472571495,34.349102768836445
mono_1_16_1__last,False,1,16,1,,last,2.202034076054891,0.5585206747055054,0.36204291069452593,0.07801488445877947,38.48091142549069
mono_1_16_1__terminal,False,1,16,1,,terminal,2.7752880255381265,0.4482446014881134,0.2662465263707397,-0.3471783394350698,33.221409043701584
mono_1_32_1_#ow_all,False,1,32,1,#ow,all,3.6056217352549234,0.4504151940345764,0.24570659914209755,-0.30524086874068823,31.387107872411796
mono_1_32_1_#ow_first,False,1,32,1,#ow,first,2.5944337844848633,0.21412061154842377,0.10146701833985511,-0.8243377638134395,8.627780791997134
mono_1_32_1_#ow_last,False,1,32,1,#ow,last,1.4650104840596516,0.5973944067955017,0.4638755924128365,0.008915867374845177,18.376307507870706
mono_1_32_1_#ow_terminal,False,1,32,1,#ow,terminal,2.9178597132364907,0.34461021423339844,0.23185940239299907,-0.613068910578042,21.023613870303972
mono_1_32_1_bow_all,False,1,32,1,bow,all,3.4585686524709067,0.43477779626846313,0.21907279697957036,-0.37399766172259286,27.67821453789596
mono_1_32_1_bow_first,False,1,32,1,bow,first,2.6098461151123047,0.21159906685352325,0.10583738708659429,-0.9236717282612112,9.243279099341754
mono_1_32_1_bow_last,False,1,32,1,bow,last,1.8947498798370361,0.6114729642868042,0.4487642295533116,0.07724442638641527,30.29113083567985
mono_1_32_1_bow_terminal,False,1,32,1,bow,terminal,3.2375856240590415,0.3478671908378601,0.20507043207552222,-0.5829276864997661,34.27529571156302
mono_1_32_1_eow_all,False,1,32,1,eow,all,3.1497532526652017,0.5126110911369324,0.3124926212511399,-0.21494469783657388,30.538380839484407
mono_1_32_1_eow_first,False,1,32,1,eow,first,1.6250801881154378,0.5702878832817078,0.45520392058880055,-0.07139927647937006,24.09515467148909
mono_1_32_1_eow_last,False,1,32,1,eow,last,1.5136278470357258,0.6001260876655579,0.4834268687581766,0.04021928737706715,19.697656042457975
mono_1_32_1_eow_terminal,False,1,32,1,eow,terminal,2.3983116944630942,0.537087619304657,0.3927972623662362,-0.11670271727843251,32.57153596662143
mono_1_32_1__all,False,1,32,1,,all,3.024529218673706,0.521561861038208,0.2768556158293815,-0.24897131514623652,28.480251776450878
mono_1_32_1__first,False,1,32,1,,first,1.7276935577392578,0.579113245010376,0.4420462343234309,-0.06523313628800609,33.066267083299486
mono_1_32_1__last,False,1,32,1,,last,2.086428960164388,0.5786929726600647,0.389969573225256,0.042112855363305,36.844325417639155
mono_1_32_1__terminal,False,1,32,1,,terminal,2.646554470062256,0.4793367087841034,0.30699326245971276,-0.2920292155101243,34.529882456639186
mono_1_64_1_#ow_all,False,1,64,1,#ow,all,3.579785108566284,0.4470319449901581,0.25365208366280073,-0.32358542665551204,30.595799108321902
mono_1_64_1_#ow_first,False,1,64,1,#ow,first,2.575703779856364,0.21538136899471283,0.10806442894813069,-0.799177966103024,9.301255262029636
mono_1_64_1_#ow_last,False,1,64,1,#ow,last,1.4272676706314087,0.5864677429199219,0.49221665577638823,-0.0017993421068387416,17.64101630777373
mono_1_64_1_#ow_terminal,False,1,64,1,#ow,terminal,2.904066562652588,0.3566925823688507,0.25567007572876194,-0.5923740802193647,20.486048857153207
mono_1_64_1_bow_all,False,1,64,1,bow,all,3.440424919128418,0.44566667079925537,0.23159749048795775,-0.39210766670019526,28.212732252565058
mono_1_64_1_bow_first,False,1,64,1,bow,first,2.604154666264852,0.21979406476020813,0.11516451760523422,-0.8022914090809221,10.326293545498002
mono_1_64_1_bow_last,False,1,64,1,bow,last,1.7990425825119019,0.6102122068405151,0.490251285410667,0.0709984095419326,30.60912450429936
mono_1_64_1_bow_terminal,False,1,64,1,bow,terminal,3.2120813528696694,0.3509140610694885,0.2164943280304448,-0.4971167521532241,38.17889978293675
mono_1_64_1_eow_all,False,1,64,1,eow,all,3.1218603452046714,0.5101110935211182,0.30736643147420883,-0.15858876092895002,30.70279935487765
mono_1_64_1_eow_first,False,1,64,1,eow,first,1.6049455801645915,0.5744904279708862,0.45667867373028787,-0.0047465184590969045,23.88631657481033
mono_1_64_1_eow_last,False,1,64,1,eow,last,1.4524757464726765,0.5849968194961548,0.4756836167672681,-0.0071412368823644545,19.898272547750754
mono_1_64_1_eow_terminal,False,1,64,1,eow,terminal,2.3785250186920166,0.5378230810165405,0.39942067643557966,-0.13797422465439468,31.734476432247277
mono_1_64_1__all,False,1,64,1,,all,3.0342793464660645,0.522468090057373,0.2805612753432091,-0.24199427574648236,28.48148969159258
mono_1_64_1__first,False,1,64,1,,first,1.7115682363510132,0.5833157896995544,0.4420517910788023,-0.0009602705701978742,34.10487374951938
mono_1_64_1__last,False,1,64,1,,last,2.041877110799154,0.5967640280723572,0.4191612326595882,0.0721280518509907,39.57027729194981
mono_1_64_1__terminal,False,1,64,1,,terminal,2.6065805753072104,0.481668621301651,0.30797661189356157,-0.29131263892299986,35.86364501039769
mono_2_128_1_#ow_all,False,2,128,1,#ow,all,3.6717778046925864,0.39276769757270813,0.22742784731522822,-0.44860076148536604,35.57302570558995
mono_2_128_1_#ow_first,False,2,128,1,#ow,first,2.573100964228312,0.1907963752746582,0.1119348342567727,-0.8674077740360657,16.622899507055667
mono_2_128_1_#ow_last,False,2,128,1,#ow,last,1.4363868633906047,0.5732296705245972,0.48201900118616,-0.07386027900211656,26.297350138928202
mono_2_128_1_#ow_terminal,False,2,128,1,#ow,terminal,2.9108035564422607,0.3168732821941376,0.2285932474667203,-0.6202171440329252,27.16425898820268
mono_2_128_1_bow_all,False,2,128,1,bow,all,3.5139567057291665,0.3738333284854889,0.17760112078214332,-0.4639673854651088,33.22241561770354
mono_2_128_1_bow_first,False,2,128,1,bow,first,2.6214000384012857,0.19836099445819855,0.1047117637427662,-0.8553085212729783,18.119590397448953
mono_2_128_1_bow_last,False,2,128,1,bow,last,1.909093181292216,0.5305736064910889,0.39457801684451627,-0.12131097023868298,44.47574681610853
mono_2_128_1_bow_terminal,False,2,128,1,bow,terminal,3.375992218653361,0.27075013518333435,0.15629514486820467,-0.6404390049765785,41.44440618839172
mono_2_128_1_eow_all,False,2,128,1,eow,all,3.19425368309021,0.4645000100135803,0.2670754331801073,-0.28496446435424416,38.14566585644775
mono_2_128_1_eow_first,False,2,128,1,eow,first,1.7568236986796062,0.5013658404350281,0.36454341161527054,-0.2505784550390264,33.629945883122474
mono_2_128_1_eow_last,False,2,128,1,eow,last,1.5059524774551392,0.5461231470108032,0.46273447693252473,-0.17983908188419262,26.717503887527077
mono_2_128_1_eow_terminal,False,2,128,1,eow,terminal,2.5163252353668213,0.46112626791000366,0.3468806417441537,-0.30886540112482086,36.85006777226205
mono_2_128_1__all,False,2,128,1,,all,3.1519569555918374,0.44377315044403076,0.19168144000238865,-0.3536040467987809,33.20815230139722
mono_2_128_1__first,False,2,128,1,,first,1.8371412754058838,0.4862366020679474,0.3436882787212263,-0.21534233390000154,45.11787273744049
mono_2_128_1__last,False,2,128,1,,last,2.234050750732422,0.47573018074035645,0.3133962035916832,-0.2815240218701538,51.27632363894334
mono_2_128_1__terminal,False,2,128,1,,terminal,2.7765740553538003,0.38657858967781067,0.22329119519394705,-0.3901021176411552,43.663089833822234
mono_2_16_1_#ow_all,False,2,16,1,#ow,all,3.7276732126871743,0.39254799485206604,0.19416766782690847,-0.35209380603732465,35.54669749545818
mono_2_16_1_#ow_first,False,2,16,1,#ow,first,2.6868717670440674,0.1981508731842041,0.08142378157050843,-0.7373647103759586,19.687825954248563
mono_2_16_1_#ow_last,False,2,16,1,#ow,last,1.6072745720545452,0.5635637640953064,0.41340774751979803,-0.08505637408294686,26.603068746146093
mono_2_16_1_#ow_terminal,False,2,16,1,#ow,terminal,3.031011978785197,0.30300483107566833,0.185697374752787,-0.444224986652358,28.876435267286624
mono_2_16_1_bow_all,False,2,16,1,bow,all,3.5886698563893638,0.37211111187934875,0.16352349911379005,-0.3977877451491574,29.618257000032916
mono_2_16_1_bow_first,False,2,16,1,bow,first,2.7164016564687095,0.1819709986448288,0.08418859952140657,-0.733760971080349,19.6302213368336
mono_2_16_1_bow_last,False,2,16,1,bow,last,2.0636042753855386,0.5574700236320496,0.3826432258463937,-0.07930164761631331,40.04559329893659
mono_2_16_1_bow_terminal,False,2,16,1,bow,terminal,3.3937177658081055,0.2787350118160248,0.15771624428072348,-0.5881474814409713,39.17560343710353
mono_2_16_1_eow_all,False,2,16,1,eow,all,3.248217821121216,0.4506666660308838,0.2431526317456595,-0.23427868474395996,43.068195339217226
mono_2_16_1_eow_first,False,2,16,1,eow,first,1.8557370503743489,0.5104013085365295,0.3539779862844237,-0.1567764818817956,37.25694070689908
mono_2_16_1_eow_last,False,2,16,1,eow,last,1.6909958521525066,0.5349863171577454,0.3908391709230292,-0.06825969120354825,28.412836572972832
mono_2_16_1_eow_terminal,False,2,16,1,eow,terminal,2.6438883940378823,0.43076273798942566,0.26999681175718926,-0.2815283788314944,37.136472854689536
mono_2_16_1__all,False,2,16,1,,all,3.1952991485595703,0.4621252417564392,0.17578821521244536,-0.2723100106917886,36.367239859866395
mono_2_16_1__first,False,2,16,1,,first,2.0517795085906982,0.4475730061531067,0.2730247373621371,-0.2854713880433879,44.180653883729114
mono_2_16_1__last,False,2,16,1,,last,2.323698361714681,0.47383901476860046,0.2833965248698917,-0.1732800123997662,45.65586416783384
mono_2_16_1__terminal,False,2,16,1,,terminal,2.905923763910929,0.34408602118492126,0.18887896777321236,-0.6820791001415072,38.793695968444595
mono_2_32_1_#ow_all,False,2,32,1,#ow,all,3.6324310302734375,0.4240959584712982,0.2256230863202817,-0.37386415299339526,36.36427084810995
mono_2_32_1_#ow_first,False,2,32,1,#ow,first,2.61676025390625,0.20571547746658325,0.10015493253456094,-0.816050237823907,15.903631931908983
mono_2_32_1_#ow_last,False,2,32,1,#ow,last,1.5026148557662964,0.5894095301628113,0.48625311943912625,-0.09057069484180413,23.787521220583752
mono_2_32_1_#ow_terminal,False,2,32,1,#ow,terminal,2.9772026538848877,0.30846816301345825,0.20272799350151424,-0.6051241125199605,24.89458229358147
mono_2_32_1_bow_all,False,2,32,1,bow,all,3.504880428314209,0.4077777862548828,0.19887337953088804,-0.5363026211576598,34.22599222376668
mono_2_32_1_bow_first,False,2,32,1,bow,first,2.730848471323649,0.15969741344451904,0.06797803143671989,-0.6722354586710682,16.366687756582838
mono_2_32_1_bow_last,False,2,32,1,bow,last,1.948638916015625,0.5665055513381958,0.40218238403676393,-0.010880689761245232,38.16756193239767
mono_2_32_1_bow_terminal,False,2,32,1,bow,terminal,3.3244922161102295,0.3072073757648468,0.1727827308795318,-0.6203527675361209,39.147357645109075
mono_2_32_1_eow_all,False,2,32,1,eow,all,3.2181452910105386,0.4726666808128357,0.2656300580347072,-0.19987832766824276,37.665300043758485
mono_2_32_1_eow_first,False,2,32,1,eow,first,1.7728051741917927,0.5034670829772949,0.3529890447795681,-0.20187058294200136,32.68320435985119
mono_2_32_1_eow_last,False,2,32,1,eow,last,1.5567403237024944,0.5633536577224731,0.4432333383182805,-0.0005325809653189406,25.10200238695688
mono_2_32_1_eow_terminal,False,2,32,1,eow,terminal,2.537312666575114,0.4582895338535309,0.32628634880999735,-0.28815708233447457,34.462495747478194
mono_2_32_1__all,False,2,32,1,,all,3.0926766395568848,0.48818066716194153,0.2111293077922512,-0.14806901178746767,34.26567250513331
mono_2_32_1__first,False,2,32,1,,first,1.8048073848088582,0.5112418532371521,0.3540195790039854,-0.18671785297796317,41.59229995431479
mono_2_32_1__last,False,2,32,1,,last,2.2200803756713867,0.5003151893615723,0.3244241384025942,-0.1633105197026512,44.53437898613993
mono_2_32_1__terminal,False,2,32,1,,terminal,2.801602919896444,0.40406790375709534,0.21954439885002172,-0.4000374939023992,40.88487523558632
mono_2_64_1_#ow_all,False,2,64,1,#ow,all,3.679304917653402,0.40520232915878296,0.22123390533634268,-0.38009964024520637,35.36217052154612
mono_2_64_1_#ow_first,False,2,64,1,#ow,first,2.6158045132954917,0.20340406894683838,0.11214890606992785,-0.870235118452397,15.00532510376178
mono_2_64_1_#ow_last,False,2,64,1,#ow,last,1.4279183149337769,0.5873082280158997,0.49565406162375397,-0.02094653422756121,25.507882680077216
mono_2_64_1_#ow_terminal,False,2,64,1,#ow,terminal,2.918332576751709,0.32422778010368347,0.23719301619549846,-0.7027113702391561,25.243806618125248
mono_2_64_1_bow_all,False,2,64,1,bow,all,3.4792655309041343,0.4006666839122772,0.19196875482909456,-0.3987248573105111,33.195652497525295
mono_2_64_1_bow_first,False,2,64,1,bow,first,2.618011474609375,0.19983188807964325,0.103256789169831,-0.852660821963274,16.283429903967345
mono_2_64_1_bow_last,False,2,64,1,bow,last,1.9001212517420452,0.5496953129768372,0.4200492175014749,-0.05707967276693315,41.397012968572504
mono_2_64_1_bow_terminal,False,2,64,1,bow,terminal,3.321697950363159,0.29428449273109436,0.16928524570924544,-0.6050223530318222,39.879066488605545
mono_2_64_1_eow_all,False,2,64,1,eow,all,3.2062615553538003,0.47344446182250977,0.2673028234550736,-0.29192748930286516,37.50592891509815
mono_2_64_1_eow_first,False,2,64,1,eow,first,1.694047212600708,0.508510172367096,0.38354753365775074,-0.21573083761190023,31.74816963012224
mono_2_64_1_eow_last,False,2,64,1,eow,last,1.4824891090393066,0.5591510534286499,0.46124410808451355,-0.1521631865568005,25.88802572030328
mono_2_64_1_eow_terminal,False,2,64,1,eow,terminal,2.508974313735962,0.4455767869949341,0.3381679784672504,-0.332805353517013,34.6041571589487
mono_2_64_1__all,False,2,64,1,,all,3.113030274709066,0.45985954999923706,0.20136108070620384,-0.38909531532190056,32.47300931369158
mono_2_64_1__first,False,2,64,1,,first,1.885575811068217,0.47615042328834534,0.32103029021553353,-0.23395731173430434,41.66860638098756
mono_2_64_1__last,False,2,64,1,,last,2.204399824142456,0.5246900320053101,0.34998750130017814,-0.11569378863028423,48.810904557357425
mono_2_64_1__terminal,False,2,64,1,,terminal,2.8097036679585776,0.4027723968029022,0.2250148778464276,-0.38372172311425756,40.30540984231955
